{
  "2D": 11896.0856127738,
  "3D": 17.4949893951416,
  "AssetLib": 44.1189560890198,
  "Editor": 39455.6882414818,
  "Game": 10115.1836805344,
  "Script": 17382.8050026894
}