{
  "2D": 3989.22961425781,
  "3D": 10.3279898166656,
  "AssetLib": 10.0159561634064,
  "Editor": 12710.0292432308,
  "Game": 3145.07867980003,
  "Script": 5555.3770031929
}