{
  "2D": 6713.64161396027,
  "3D": 12.4229898452759,
  "AssetLib": 44.1189560890198,
  "Editor": 22565.3222413063,
  "Game": 5644.37567949295,
  "Script": 10150.7630019188
}