{
  "2D": 721.130999565125,
  "3D": 5.9760000705719,
  "Editor": 1635.40999960899,
  "Game": 352.922000169754,
  "Script": 555.380999803543
}