{
  "2D": 14424.101611614,
  "3D": 24.8699896335602,
  "AFK": 859.001999855042,
  "AssetLib": 625.547955989838,
  "Dialogue": 2536.67900037766,
  "Editor": 61662.7022407053,
  "Game": 14548.4406793117,
  "Script": 29503.0630037785
}