{
  "2D": 16732.67561388,
  "3D": 26.1749894618988,
  "AFK": 859.001999855042,
  "AssetLib": 625.547955989838,
  "Dialogue": 2571.98900055886,
  "Editor": 74130.3402404783,
  "Game": 20297.0546767711,
  "Script": 33876.8980038166
}