{
  "2D": 5457.01861429214,
  "3D": 11.4219899177551,
  "AssetLib": 44.1189560890198,
  "Editor": 20232.3182415962,
  "Game": 5109.95867919922,
  "Script": 9609.80000209808
}