{
  "2D": 2769.98099851608,
  "3D": 8.45099997520447,
  "Editor": 5979.79099965095,
  "Game": 937.697000980377,
  "Script": 2263.66200017929
}