{
  "2D": 13050.9656121729,
  "3D": 21.0729894638062,
  "AssetLib": 475.494956016541,
  "Editor": 52847.1172385214,
  "Game": 13199.4436793327,
  "Script": 26100.1400015354
}