{
  "2D": 30962.9406118392,
  "3D": 57.7429893016815,
  "AFK": 3655.00699996948,
  "AssetLib": 625.547955989838,
  "Dialogue": 2571.98900055886,
  "Editor": 128883.746239901,
  "Game": 42036.0666782857,
  "Script": 52629.4590039255
}