{
  "2D": 21955.677612066,
  "3D": 35.858989238739,
  "AFK": 859.001999855042,
  "AssetLib": 625.547955989838,
  "Dialogue": 2571.98900055886,
  "Editor": 101235.640239954,
  "Game": 30661.9956777097,
  "Script": 45384.5710043907
}