{
  "2D": 30787.9676117896,
  "3D": 57.7429893016815,
  "AFK": 3655.00699996948,
  "AssetLib": 625.547955989838,
  "Dialogue": 2571.98900055886,
  "Editor": 128647.772239924,
  "Game": 42036.0666782857,
  "Script": 52568.458003998
}