{
  "2D": 11346.9196128845,
  "3D": 16.019989490509,
  "AssetLib": 44.1189560890198,
  "Editor": 36613.3262412548,
  "Game": 9509.04568004609,
  "Script": 15697.2220027447
}