{
  "2D": 12527.2406122683,
  "3D": 17.4949893951416,
  "AssetLib": 125.11895608902,
  "Editor": 48324.3732407092,
  "Game": 12138.660680294,
  "Script": 23515.8580026627
}