{
  "2D": 25748.2706110476,
  "3D": 41.1969892978668,
  "AFK": 3655.00699996948,
  "AssetLib": 625.547955989838,
  "Dialogue": 2571.98900055886,
  "Editor": 115666.646238089,
  "Game": 36703.0766770842,
  "Script": 49976.5650041103
}